<?xml version="1.0" encoding="utf-8" ?>
<dwsync>
<file name="accordionbtn.svg" server="ftp.espaciolatino.com" local="132815700000000000" remote="132815700000000000" Dst="2" />
<file name="ico16.png" server="ftp.espaciolatino.com" local="132815700000000000" remote="132815700000000000" Dst="2" />
<file name="entire.png" server="ftp.espaciolatino.com" local="132815700000000000" remote="132815700000000000" Dst="2" />
<file name="ico180.png" server="ftp.espaciolatino.com" local="132815700000000000" remote="132815700000000000" Dst="2" />
<file name="ico192.png" server="ftp.espaciolatino.com" local="132815700000000000" remote="132815700000000000" Dst="2" />
<file name="ico32.png" server="ftp.espaciolatino.com" local="132815700000000000" remote="132815700000000000" Dst="2" />
<file name="ico512.png" server="ftp.espaciolatino.com" local="132815700000000000" remote="132815700000000000" Dst="2" />
<file name="logo.svg" server="ftp.espaciolatino.com" local="132815700000000000" remote="132815700000000000" Dst="2" />
<file name="testimonials1.jpg" server="ftp.espaciolatino.com" local="132815700000000000" remote="132815700000000000" Dst="2" />
<file name="testimonials2.jpg" server="ftp.espaciolatino.com" local="132815700000000000" remote="132815700000000000" Dst="2" />
<file name="testimonials3.jpg" server="ftp.espaciolatino.com" local="132815700000000000" remote="132815700000000000" Dst="2" />
<file name="testimonials4.jpg" server="ftp.espaciolatino.com" local="132815700000000000" remote="132815700000000000" Dst="2" />
<file name="thumb_eng.jpg" server="ftp.espaciolatino.com" local="132815700000000000" remote="132815700000000000" Dst="2" />
</dwsync>